Country,Year,No. of cases,No. of deaths,No. of cases_median,No. of cases_min,No. of cases_max,No. of deaths_median,No. of deaths_min,No. of deaths_max,WHO Region
Afghanistan,2017,630308,298,630308,495000.0,801000.0,298,110.0,510.0,Eastern Mediterranean
Algeria,2017,0,0,0,0.0,0.0,0,0.0,0.0,Africa
Angola,2017,4615605,13316,4615605,3106000.0,6661000.0,13316,9970.0,16600.0,Africa
Argentina,2017,0,0,0,0.0,0.0,0,0.0,0.0,Americas
Armenia,2017,0,0,0,0.0,0.0,0,0.0,0.0,Europe
Azerbaijan,2017,0,0,0,0.0,0.0,0,0.0,0.0,Europe
Bangladesh,2017,32924,76,32924,30000.0,36000.0,76,3.0,130.0,South-East Asia
Belize,2017,7,0,7,0.0,0.0,0,0.0,0.0,Americas
Benin,2017,4111699,7328,4111699,2774000.0,6552000.0,7328,5740.0,8920.0,Africa
Bhutan,2017,11,0,11,0.0,0.0,0,0.0,0.0,South-East Asia
Bolivia (Plurinational State of),2017,6512,2,6512,4900.0,8300.0,2,0.0,4.0,Americas
Botswana,2017,2989,7,2989,2300.0,4200.0,7,0.0,20.0,Africa
Brazil,2017,217928,30,217928,196000.0,236000.0,30,0.0,0.0,Americas
Burkina Faso,2017,7907562,27791,7907562,5645000.0,11330000.0,27791,25100.0,30500.0,Africa
Burundi,2017,2113066,5253,2113066,1284000.0,3401000.0,5253,4300.0,6200.0,Africa
Cabo Verde,2017,423,1,423,0.0,0.0,1,0.0,0.0,Africa
Cambodia,2017,208273,345,208273,186000.0,236000.0,345,30.0,590.0,Western Pacific
Cameroon,2017,7307515,11566,7307515,4704000.0,11030000.0,11566,8900.0,14200.0,Africa
Central African Republic,2017,1804550,4804,1804550,777000.0,3363000.0,4804,3980.0,5640.0,Africa
Chad,2017,2779489,8729,2779489,1449000.0,4832000.0,8729,6640.0,10800.0,Africa
China,2017,0,0,0,0.0,0.0,0,0.0,0.0,Western Pacific
Colombia,2017,80357,0,80357,60000.0,103000.0,0,0.0,0.0,Americas
Comoros,2017,3230,8,3230,0.0,0.0,8,0.0,10.0,Africa
Congo,2017,1039706,1993,1039706,559000.0,1710000.0,1993,1790.0,2190.0,Americas
Costa Rica,2017,12,0,12,0.0,0.0,0,0.0,0.0,Americas
Côte d'Ivoire,2017,3373486,9579,3373486,1847000.0,5475000.0,9579,8090.0,11100.0,Africa
Democratic People's Republic of Korea,2017,2184,0,2184,0.0,0.0,0,0.0,0.0,Western Pacific
Democratic Republic of the Congo,2017,25021891,46007,25021891,15670000.0,38570000.0,46007,35400.0,56600.0,Africa
Djibouti,2017,15265,0,15265,0.0,0.0,0,0.0,0.0,Eastern Mediterranean
Dominican Republic,2017,405,1,405,360.0,460.0,1,0.0,1.0,Americas
Ecuador,2017,1275,0,1275,0.0,0.0,0,0.0,0.0,Americas
Egypt,2017,0,0,0,0.0,0.0,0,0.0,0.0,Eastern Mediterranean
El Salvador,2017,0,0,0,0.0,0.0,0,0.0,0.0,Americas
Equatorial Guinea,2017,435143,669,435143,269000.0,653000.0,669,530.0,810.0,Africa
Eritrea,2017,115928,222,115928,75000.0,162000.0,222,10.0,460.0,Africa
Eswatini,2017,724,1,724,0.0,0.0,1,0.0,2.0,Africa
Ethiopia,2017,2666954,5369,2666954,538000.0,6277000.0,5369,80.0,16700.0,Africa
Gabon,2017,341980,505,341980,145000.0,651000.0,505,450.0,560.0,Africa
Gambia,2017,119044,674,119044,96000.0,144000.0,674,580.0,760.0,Africa
Georgia,2017,0,0,0,0.0,0.0,0,0.0,0.0,Europe
Ghana,2017,7805045,10917,7805045,5031000.0,11880000.0,10917,10100.0,11800.0,Africa
Guatemala,2017,4739,1,4739,4000.0,6100.0,1,0.0,3.0,Americas
Guinea,2017,4282165,7562,4282165,2858000.0,6083000.0,7562,6180.0,8950.0,Africa
Guinea-Bissau,2017,107972,688,107972,40000.0,263000.0,688,590.0,780.0,Africa
Guyana,2017,24913,33,24913,19000.0,34000.0,33,3.0,60.0,Americas
Haiti,2017,32011,81,32011,22000.0,43000.0,81,2.0,160.0,Americas
Honduras,2017,1695,1,1695,1400.0,2100.0,1,0.0,1.0,Americas
India,2017,9590000,16733,9590000,6965000.0,13260000.0,16733,1200.0,31900.0,South-East Asia
Indonesia,2017,1530566,2680,1530566,1232000.0,1978000.0,2680,200.0,5110.0,South-East Asia
Iran (Islamic Republic of),2017,60,0,60,0.0,0.0,0,0.0,0.0,Eastern Mediterranean
Iraq,2017,0,0,0,0.0,0.0,0,0.0,0.0,Eastern Mediterranean
Kazakhstan,2017,0,0,0,0.0,0.0,0,0.0,0.0,Europe
Kenya,2017,3520384,12467,3520384,1970000.0,5860000.0,12467,11200.0,13700.0,Africa
Kyrgyzstan,2017,0,0,0,0.0,0.0,0,0.0,0.0,Europe
Lao People's Democratic Republic,2017,20712,30,20712,16000.0,27000.0,30,2.0,60.0,Western Pacific
Liberia,2017,911333,2227,911333,423000.0,1571000.0,2227,1910.0,2540.0,Africa
Madagascar,2017,2324289,5950,2324289,1740000.0,2992000.0,5950,190.0,11200.0,Africa
Malawi,2017,4303543,7077,4303543,2707000.0,6366000.0,7077,6060.0,8090.0,Africa
Malaysia,2017,85,10,85,0.0,0.0,10,0.0,0.0,Western Pacific
Mali,2017,7160192,12425,7160192,5060000.0,10180000.0,12425,9870.0,15000.0,Africa
Mauritania,2017,238272,1421,238272,95000.0,445000.0,1421,1230.0,1610.0,Africa
Mexico,2017,736,0,736,0.0,0.0,0,0.0,0.0,Americas
Morocco,2017,0,0,0,0.0,0.0,0,0.0,0.0,Eastern Mediterranean
Mozambique,2017,10025823,14713,10025823,7360000.0,13570000.0,14713,12200.0,17200.0,Africa
Myanmar,2017,116772,218,116772,95000.0,140000.0,218,10.0,390.0,South-East Asia
Namibia,2017,89611,229,89611,71000.0,109000.0,229,7.0,420.0,Africa
Nepal,2017,3829,1,3829,3100.0,4800.0,1,0.0,3.0,South-East Asia
Nicaragua,2017,13711,10,13711,11000.0,16000.0,10,2.0,20.0,Americas
Niger,2017,7702777,17155,7702777,4039000.0,12850000.0,17155,13000.0,21300.0,Africa
Nigeria,2017,53667565,81640,53667565,36330000.0,75930000.0,81640,64400.0,98800.0,Africa
Oman,2017,0,0,0,0.0,0.0,0,0.0,0.0,Eastern Mediterranean
Pakistan,2017,956280,805,956280,726000.0,1348000.0,805,160.0,1480.0,Eastern Mediterranean
Panama,2017,808,0,808,760.0,860.0,0,0.0,0.0,Americas
Papua New Guinea,2017,1500657,3053,1500657,1032000.0,2063000.0,3053,170.0,6120.0,Western Pacific
Paraguay,2017,0,0,0,0.0,0.0,0,0.0,0.0,Americas
Peru,2017,70745,10,70745,59000.0,83000.0,10,0.0,0.0,Americas
Philippines,2017,15253,34,15253,11000.0,19000.0,34,1.0,60.0,Western Pacific
Republic of Korea,2017,436,0,436,0.0,0.0,0,0.0,0.0,Western Pacific
Rwanda,2017,6172220,3270,6172220,4689000.0,7718000.0,3270,2990.0,3550.0,Africa
Sao Tome and Principe,2017,2239,0,2239,0.0,0.0,0,0.0,0.0,Africa
Saudi Arabia,2017,177,0,177,0.0,0.0,0,0.0,0.0,Eastern Mediterranean
Senegal,2017,1024285,4523,1024285,701000.0,1384000.0,4523,4060.0,4980.0,Africa
Sierra Leone,2017,2869588,17590,2869588,1954000.0,4250000.0,17590,16200.0,19000.0,Africa
Solomon Islands,2017,103482,134,103482,79000.0,141000.0,134,20.0,260.0,Western Pacific
Somalia,2017,541768,1386,541768,319000.0,814000.0,1386,40.0,3100.0,Eastern Mediterranean
South Africa,2017,22517,274,22517,0.0,0.0,274,0.0,0.0,Africa
South Sudan,2017,1781704,6069,1781704,1055000.0,2799000.0,6069,5220.0,6920.0,Africa
Sri Lanka,2017,0,0,0,0.0,0.0,0,0.0,0.0,South-East Asia
Sudan,2017,1517910,3885,1517910,903000.0,2348000.0,3885,110.0,8940.0,Eastern Mediterranean
Suriname,2017,40,0,40,0.0,0.0,0,0.0,0.0,Americas
Syrian Arab Republic,2017,0,0,0,0.0,0.0,0,0.0,0.0,Eastern Mediterranean
Tajikistan,2017,0,0,0,0.0,0.0,0,0.0,0.0,Europe
Thailand,2017,11043,11,11043,0.0,0.0,11,0.0,0.0,South-East Asia
Timor-Leste,2017,36,0,36,30.0,40.0,0,0.0,0.0,South-East Asia
Togo,2017,2891868,5341,2891868,2015000.0,4257000.0,5341,4360.0,6330.0,Africa
Turkey,2017,0,0,0,0.0,0.0,0,0.0,0.0,Europe
Turkmenistan,2017,0,0,0,0.0,0.0,0,0.0,0.0,Europe
Uganda,2017,8600724,14390,8600724,5168000.0,13630000.0,14390,11800.0,16900.0,Africa
United Arab Emirates,2017,0,0,0,0.0,0.0,0,0.0,0.0,Eastern Mediterranean
United Republic of Tanzania,2017,6477825,22301,6477825,4140000.0,9717000.0,22301,19800.0,24800.0,Africa
Uzbekistan,2017,0,0,0,0.0,0.0,0,0.0,0.0,Europe
Vanuatu,2017,2270,2,2270,1700.0,3100.0,2,0.0,3.0,Western Pacific
Venezuela (Bolivarian Republic of),2017,519109,456,519109,433000.0,665000.0,456,80.0,790.0,Americas
Viet Nam,2017,5481,9,5481,5100.0,6000.0,9,0.0,20.0,Western Pacific
Yemen,2017,762995,1926,762995,547000.0,1083000.0,1926,70.0,3760.0,Eastern Mediterranean
Zambia,2017,3475522,7618,3475522,2492000.0,4899000.0,7618,6600.0,8630.0,Africa
Zimbabwe,2017,1239430,3172,1239430,826000.0,1737000.0,3172,90.0,6410.0,Africa
Afghanistan,2016,614491,294,614491,439000.0,838000.0,294,100.0,530.0,Eastern Mediterranean
Algeria,2016,0,0,0,0.0,0.0,0,0.0,0.0,Africa
Angola,2016,4485050,13197,4485050,3010000.0,6468000.0,13197,9840.0,16600.0,Africa
Argentina,2016,0,0,0,0.0,0.0,0,0.0,0.0,Americas
Armenia,2016,0,0,0,0.0,0.0,0,0.0,0.0,Europe
Azerbaijan,2016,0,0,0,0.0,0.0,0,0.0,0.0,Europe
Bangladesh,2016,31169,73,31169,28000.0,34000.0,73,3.0,120.0,South-East Asia
Belize,2016,4,0,4,0.0,0.0,0,0.0,0.0,Americas
Benin,2016,4007210,7137,4007210,2703000.0,6376000.0,7137,5570.0,8710.0,Africa
Bhutan,2016,15,0,15,0.0,0.0,0,0.0,0.0,South-East Asia
Bolivia (Plurinational State of),2016,7894,2,7894,5900.0,10000.0,2,0.0,5.0,Americas
Botswana,2016,1150,2,1150,890.0,1600.0,2,0.0,5.0,Africa
Brazil,2016,133591,35,133591,128000.0,142000.0,35,0.0,0.0,Americas
Burkina Faso,2016,7675183,28453,7675183,5478000.0,11000000.0,28453,25600.0,31400.0,Africa
Burundi,2016,2053294,5161,2053294,1247000.0,3303000.0,5161,4220.0,6100.0,Africa
Cabo Verde,2016,48,1,48,0.0,0.0,1,0.0,0.0,Africa
Cambodia,2016,127552,210,127552,114000.0,144000.0,210,20.0,360.0,Western Pacific
Cameroon,2016,7176158,11999,7176158,4625000.0,10820000.0,11999,9230.0,14800.0,Africa
Central African Republic,2016,1780632,4998,1780632,762000.0,3310000.0,4998,4130.0,5870.0,Africa
Chad,2016,2689908,8900,2689908,1404000.0,4670000.0,8900,6730.0,11100.0,Africa
China,2016,3,0,3,0.0,0.0,0,0.0,0.0,Western Pacific
Colombia,2016,115125,0,115125,88000.0,144000.0,0,0.0,0.0,Americas
Comoros,2016,1143,2,1143,0.0,0.0,2,0.0,4.0,Africa
Congo,2016,1030697,1996,1030697,551000.0,1698000.0,1996,1780.0,2210.0,Americas
Costa Rica,2016,4,0,4,0.0,0.0,0,0.0,0.0,Americas
Côte d'Ivoire,2016,3319810,9579,3319810,1802000.0,5391000.0,9579,8080.0,11100.0,Africa
Democratic People's Republic of Korea,2016,2719,0,2719,0.0,0.0,0,0.0,0.0,Western Pacific
Democratic Republic of the Congo,2016,24454696,46408,24454696,15330000.0,37700000.0,46408,35600.0,57200.0,Africa
Djibouti,2016,13804,5,13804,0.0,0.0,5,0.0,0.0,Eastern Mediterranean
Dominican Republic,2016,896,2,896,760.0,1000.0,2,0.0,4.0,Americas
Ecuador,2016,1191,0,1191,0.0,0.0,0,0.0,0.0,Americas
Egypt,2016,0,0,0,0.0,0.0,0,0.0,0.0,Eastern Mediterranean
El Salvador,2016,12,0,12,0.0,0.0,0,0.0,0.0,Americas
Equatorial Guinea,2016,427357,728,427357,264000.0,642000.0,728,580.0,880.0,Africa
Eritrea,2016,86561,198,86561,47000.0,138000.0,198,7.0,440.0,Africa
Eswatini,2016,350,0,350,0.0,0.0,0,0.0,1.0,Africa
Ethiopia,2016,2927266,5705,2927266,525000.0,6983000.0,5705,80.0,17900.0,Africa
Gabon,2016,334796,502,334796,142000.0,637000.0,502,440.0,560.0,Africa
Gambia,2016,253981,667,253981,204000.0,307000.0,667,580.0,760.0,Africa
Georgia,2016,0,0,0,0.0,0.0,0,0.0,0.0,Europe
Ghana,2016,7652909,11223,7652909,4966000.0,11680000.0,11223,10300.0,12200.0,Africa
Guatemala,2016,6120,2,6120,5100.0,7800.0,2,0.0,4.0,Americas
Guinea,2016,4197876,7962,4197876,2801000.0,5973000.0,7962,6480.0,9460.0,Africa
Guinea-Bissau,2016,105441,684,105441,39000.0,257000.0,684,590.0,780.0,Africa
Guyana,2016,22108,28,22108,17000.0,30000.0,28,3.0,50.0,Americas
Haiti,2016,35105,89,35105,24000.0,47000.0,89,2.0,180.0,Americas
Honduras,2016,5934,6,5934,4600.0,7400.0,6,0.0,10.0,Americas
India,2016,12630000,22786,12630000,8993000.0,17830000.0,22786,1580.0,45300.0,South-East Asia
Indonesia,2016,1293337,2239,1293337,1043000.0,1679000.0,2239,170.0,4290.0,South-East Asia
Iran (Islamic Republic of),2016,81,0,81,0.0,0.0,0,0.0,0.0,Eastern Mediterranean
Iraq,2016,0,0,0,0.0,0.0,0,0.0,0.0,Eastern Mediterranean
Kazakhstan,2016,0,0,0,0.0,0.0,0,0.0,0.0,Europe
Kenya,2016,3452117,12419,3452117,1921000.0,5768000.0,12419,11100.0,13700.0,Africa
Kyrgyzstan,2016,0,0,0,0.0,0.0,0,0.0,0.0,Europe
Lao People's Democratic Republic,2016,28152,34,28152,21000.0,36000.0,34,4.0,60.0,Western Pacific
Liberia,2016,898524,2213,898524,417000.0,1550000.0,2213,1890.0,2530.0,Africa
Madagascar,2016,1692049,4331,1692049,1241000.0,2231000.0,4331,140.0,8280.0,Africa
Malawi,2016,4223467,7177,4223467,2647000.0,6235000.0,7177,6110.0,8250.0,Africa
Malaysia,2016,266,2,266,0.0,0.0,2,0.0,0.0,Western Pacific
Mali,2016,6902717,13974,6902717,4871000.0,9821000.0,13974,11100.0,16900.0,Africa
Mauritania,2016,298498,1402,298498,138000.0,540000.0,1402,1210.0,1590.0,Africa
Mexico,2016,551,0,551,0.0,0.0,0,0.0,0.0,Americas
Morocco,2016,0,0,0,0.0,0.0,0,0.0,0.0,Eastern Mediterranean
Mozambique,2016,9753050,15269,9753050,7163000.0,13210000.0,15269,12600.0,17900.0,Africa
Myanmar,2016,262577,444,262577,214000.0,316000.0,444,30.0,800.0,South-East Asia
Namibia,2016,41608,106,41608,33000.0,51000.0,106,3.0,190.0,Africa
Nepal,2016,2754,1,2754,1900.0,4800.0,1,0.0,4.0,South-East Asia
Nicaragua,2016,7854,6,7854,6600.0,9200.0,6,1.0,10.0,Americas
Niger,2016,7457829,18226,7457829,3910000.0,12420000.0,18226,13800.0,22700.0,Africa
Nigeria,2016,52357005,90378,52357005,35450000.0,74040000.0,90378,71100.0,110000.0,Africa
Oman,2016,0,0,0,0.0,0.0,0,0.0,0.0,Eastern Mediterranean
Pakistan,2016,1202476,1013,1202476,823000.0,1904000.0,1013,200.0,2030.0,Eastern Mediterranean
Panama,2016,817,0,817,790.0,870.0,0,0.0,0.0,Americas
Papua New Guinea,2016,1469150,3109,1469150,1063000.0,1958000.0,3109,160.0,6100.0,Western Pacific
Paraguay,2016,0,0,0,0.0,0.0,0,0.0,0.0,Americas
Peru,2016,71056,7,71056,60000.0,83000.0,7,0.0,0.0,Americas
Philippines,2016,16173,36,16173,12000.0,21000.0,36,1.0,70.0,Western Pacific
Republic of Korea,2016,602,0,602,0.0,0.0,0,0.0,0.0,Western Pacific
Rwanda,2016,6608358,3242,6608358,5020000.0,8268000.0,3242,2950.0,3530.0,Africa
Sao Tome and Principe,2016,2238,0,2238,0.0,0.0,0,0.0,0.0,Africa
Saudi Arabia,2016,272,0,272,0.0,0.0,0,0.0,0.0,Eastern Mediterranean
Senegal,2016,836561,4475,836561,574000.0,1124000.0,4475,4000.0,4950.0,Africa
Sierra Leone,2016,2796045,17550,2796045,1904000.0,4132000.0,17550,16100.0,19000.0,Africa
Solomon Islands,2016,84451,103,84451,71000.0,102000.0,103,10.0,180.0,Western Pacific
Somalia,2016,528591,1353,528591,310000.0,794000.0,1353,40.0,3010.0,Eastern Mediterranean
South Africa,2016,4323,34,4323,0.0,0.0,34,0.0,0.0,Africa
South Sudan,2016,1739256,5821,1739256,1030000.0,2735000.0,5821,5010.0,6630.0,Africa
Sri Lanka,2016,0,0,0,0.0,0.0,0,0.0,0.0,South-East Asia
Sudan,2016,1484475,3800,1484475,879000.0,2301000.0,3800,100.0,8720.0,Eastern Mediterranean
Suriname,2016,76,0,76,0.0,0.0,0,0.0,0.0,Americas
Syrian Arab Republic,2016,0,0,0,0.0,0.0,0,0.0,0.0,Eastern Mediterranean
Tajikistan,2016,0,0,0,0.0,0.0,0,0.0,0.0,Europe
Thailand,2016,13451,27,13451,0.0,0.0,27,0.0,0.0,South-East Asia
Timor-Leste,2016,148,0,148,120.0,170.0,0,0.0,0.0,South-East Asia
Togo,2016,2862933,5381,2862933,1997000.0,4209000.0,5381,4370.0,6380.0,Africa
Turkey,2016,0,0,0,0.0,0.0,0,0.0,0.0,Europe
Turkmenistan,2016,0,0,0,0.0,0.0,0,0.0,0.0,Europe
Uganda,2016,8425793,14101,8425793,5051000.0,13370000.0,14101,11600.0,16600.0,Africa
United Arab Emirates,2016,0,0,0,0.0,0.0,0,0.0,0.0,Eastern Mediterranean
United Republic of Tanzania,2016,6317222,21981,6317222,4017000.0,9481000.0,21981,19500.0,24500.0,Africa
Uzbekistan,2016,0,0,0,0.0,0.0,0,0.0,0.0,Europe
Vanuatu,2016,4184,2,4184,3200.0,5700.0,2,0.0,4.0,Western Pacific
Venezuela (Bolivarian Republic of),2016,303471,281,303471,253000.0,387000.0,281,50.0,490.0,Americas
Viet Nam,2016,5024,8,5024,4600.0,5600.0,8,0.0,10.0,Western Pacific
Yemen,2016,667967,1698,667967,477000.0,946000.0,1698,60.0,3290.0,Eastern Mediterranean
Zambia,2016,3387771,7588,3387771,2422000.0,4776000.0,7588,6540.0,8630.0,Africa
Zimbabwe,2016,740192,1894,740192,501000.0,1009000.0,1894,60.0,3800.0,Africa
Afghanistan,2015,369809,175,369809,247000.0,524000.0,175,60.0,320.0,Eastern Mediterranean
Algeria,2015,0,0,0,0.0,0.0,0,0.0,0.0,Africa
Angola,2015,4303582,13046,4303582,2882000.0,6212000.0,13046,9640.0,16400.0,Africa
Argentina,2015,0,0,0,0.0,0.0,0,0.0,0.0,Americas
Armenia,2015,0,0,0,0.0,0.0,0,0.0,0.0,Europe
Azerbaijan,2015,0,0,0,0.0,0.0,0,0.0,0.0,Europe
Bangladesh,2015,44948,107,44948,41000.0,49000.0,107,4.0,180.0,South-East Asia
Belize,2015,9,0,9,0.0,0.0,0,0.0,0.0,Americas
Benin,2015,3787806,6872,3787806,2518000.0,6071000.0,6872,5340.0,8410.0,Africa
Bhutan,2015,34,0,34,0.0,0.0,0,0.0,0.0,South-East Asia
Bolivia (Plurinational State of),2015,9792,3,9792,7300.0,12000.0,3,1.0,7.0,Americas
Botswana,2015,519,1,519,400.0,730.0,1,0.0,2.0,Africa
Brazil,2015,158963,35,158963,143000.0,172000.0,35,0.0,0.0,Americas
Burkina Faso,2015,7770245,29833,7770245,5534000.0,11050000.0,29833,26500.0,33100.0,Africa
Burundi,2015,1957365,5044,1957365,1186000.0,3159000.0,5044,4110.0,5980.0,Africa
Cabo Verde,2015,7,0,7,0.0,0.0,0,0.0,0.0,Africa
Cambodia,2015,224858,385,224858,201000.0,256000.0,385,30.0,660.0,Western Pacific
Cameroon,2015,7223417,12445,7223417,4647000.0,10940000.0,12445,9580.0,15300.0,Africa
Central African Republic,2015,1758188,5289,1758188,754000.0,3277000.0,5289,4350.0,6220.0,Africa
Chad,2015,2690084,9206,2690084,1407000.0,4633000.0,9206,6950.0,11500.0,Africa
China,2015,39,0,39,0.0,0.0,0,0.0,0.0,Western Pacific
Colombia,2015,72460,0,72460,54000.0,93000.0,0,0.0,0.0,Americas
Comoros,2015,1300,3,1300,0.0,0.0,3,0.0,5.0,Africa
Congo,2015,1044034,2001,1044034,561000.0,1718000.0,2001,1780.0,2220.0,Americas
Costa Rica,2015,0,0,0,0.0,0.0,0,0.0,0.0,Americas
Côte d'Ivoire,2015,3395695,9800,3395695,1860000.0,5510000.0,9800,8220.0,11400.0,Africa
Democratic People's Republic of Korea,2015,773,0,773,0.0,0.0,0,0.0,0.0,Western Pacific
Democratic Republic of the Congo,2015,24159871,46276,24159871,15210000.0,37230000.0,46276,35500.0,57000.0,Africa
Djibouti,2015,9473,23,9473,0.0,0.0,23,0.0,0.0,Eastern Mediterranean
Dominican Republic,2015,751,1,751,660.0,850.0,1,0.0,3.0,Americas
Ecuador,2015,618,0,618,0.0,0.0,0,0.0,0.0,Americas
Egypt,2015,0,0,0,0.0,0.0,0,0.0,0.0,Eastern Mediterranean
El Salvador,2015,2,0,2,0.0,0.0,0,0.0,0.0,Americas
Equatorial Guinea,2015,418770,807,418770,259000.0,628000.0,807,640.0,970.0,Africa
Eritrea,2015,64176,129,64176,41000.0,89000.0,129,6.0,270.0,Africa
Eswatini,2015,157,0,157,0.0,0.0,0,0.0,0.0,Africa
Ethiopia,2015,3632424,6795,3632424,520000.0,9265000.0,6795,80.0,22700.0,Africa
Gabon,2015,333155,498,333155,143000.0,631000.0,498,440.0,560.0,Africa
Gambia,2015,412588,659,412588,333000.0,501000.0,659,570.0,750.0,Africa
Georgia,2015,0,0,0,0.0,0.0,0,0.0,0.0,Europe
Ghana,2015,7513657,11749,7513657,4861000.0,11440000.0,11749,10600.0,12900.0,Africa
Guatemala,2015,8621,3,8621,7200.0,11000.0,3,1.0,6.0,Americas
Guinea,2015,4205085,8542,4205085,2811000.0,5957000.0,8542,6900.0,10200.0,Africa
Guinea-Bissau,2015,106338,661,106338,40000.0,258000.0,661,570.0,760.0,Africa
Guyana,2015,17848,22,17848,13000.0,24000.0,22,2.0,40.0,Americas
Haiti,2015,31181,79,31181,21000.0,42000.0,79,2.0,160.0,Americas
Honduras,2015,4745,4,4745,3800.0,5800.0,4,0.0,7.0,Americas
India,2015,12200000,22326,12200000,9175000.0,16200000.0,22326,1520.0,42000.0,South-East Asia
Indonesia,2015,1284900,2023,1284900,1038000.0,1663000.0,2023,170.0,3840.0,South-East Asia
Iran (Islamic Republic of),2015,167,0,167,0.0,0.0,0,0.0,0.0,Eastern Mediterranean
Iraq,2015,0,0,0,0.0,0.0,0,0.0,0.0,Eastern Mediterranean
Kazakhstan,2015,0,0,0,0.0,0.0,0,0.0,0.0,Europe
Kenya,2015,3455175,12331,3455175,1921000.0,5783000.0,12331,11000.0,13600.0,Africa
Kyrgyzstan,2015,0,0,0,0.0,0.0,0,0.0,0.0,Europe
Lao People's Democratic Republic,2015,79592,103,79592,60000.0,103000.0,103,10.0,190.0,Western Pacific
Liberia,2015,903748,2158,903748,427000.0,1559000.0,2158,1840.0,2470.0,Africa
Madagascar,2015,2840141,7270,2840141,2078000.0,3761000.0,7270,230.0,14000.0,Africa
Malawi,2015,4102579,7384,4102579,2573000.0,6068000.0,7384,6240.0,8530.0,Africa
Malaysia,2015,242,4,242,0.0,0.0,4,0.0,0.0,Western Pacific
Mali,2015,6833022,16151,6833022,4836000.0,9683000.0,16151,12700.0,19600.0,Africa
Mauritania,2015,249961,1383,249961,100000.0,467000.0,1383,1190.0,1570.0,Africa
Mexico,2015,517,0,517,0.0,0.0,0,0.0,0.0,Americas
Morocco,2015,0,0,0,0.0,0.0,0,0.0,0.0,Eastern Mediterranean
Mozambique,2015,9496089,15985,9496089,6976000.0,12850000.0,15985,13100.0,18900.0,Africa
Myanmar,2015,425073,754,425073,348000.0,511000.0,754,60.0,1370.0,South-East Asia
Namibia,2015,20092,51,20092,16000.0,24000.0,51,1.0,90.0,Africa
Nepal,2015,4084,2,4084,2300.0,8700.0,2,0.0,7.0,South-East Asia
Nicaragua,2015,2853,2,2853,2400.0,3300.0,2,0.0,3.0,Americas
Niger,2015,7397212,18769,7397212,3902000.0,12230000.0,18769,14200.0,23300.0,Africa
Nigeria,2015,52697962,98478,52697962,35940000.0,74500000.0,98478,77400.0,120000.0,Africa
Oman,2015,0,0,0,0.0,0.0,0,0.0,0.0,Eastern Mediterranean
Pakistan,2015,992605,781,992605,533000.0,2002000.0,781,150.0,1940.0,Eastern Mediterranean
Panama,2015,580,0,580,560.0,620.0,0,0.0,0.0,Americas
Papua New Guinea,2015,1066533,2228,1066533,736000.0,1454000.0,2228,110.0,4450.0,Western Pacific
Paraguay,2015,0,0,0,0.0,0.0,0,0.0,0.0,Americas
Peru,2015,91640,5,91640,77000.0,108000.0,5,0.0,0.0,Americas
Philippines,2015,26726,59,26726,20000.0,35000.0,59,2.0,120.0,Western Pacific
Republic of Korea,2015,627,0,627,0.0,0.0,0,0.0,0.0,Western Pacific
Rwanda,2015,3799535,3218,3799535,2887000.0,4747000.0,3218,2910.0,3530.0,Africa
Sao Tome and Principe,2015,2058,0,2058,0.0,0.0,0,0.0,0.0,Africa
Saudi Arabia,2015,83,0,83,0.0,0.0,0,0.0,0.0,Eastern Mediterranean
Senegal,2015,1176494,4424,1176494,798000.0,1591000.0,4424,3940.0,4910.0,Africa
Sierra Leone,2015,2727461,17700,2727461,1860000.0,4045000.0,17700,16100.0,19300.0,Africa
Solomon Islands,2015,39916,58,39916,33000.0,49000.0,58,5.0,100.0,Western Pacific
Somalia,2015,514253,1316,514253,302000.0,770000.0,1316,40.0,2940.0,Eastern Mediterranean
South Africa,2015,1157,110,1157,0.0,0.0,110,0.0,0.0,Africa
South Sudan,2015,1805509,5570,1805509,1081000.0,2834000.0,5570,4790.0,6340.0,Africa
Sri Lanka,2015,0,0,0,0.0,0.0,0,0.0,0.0,South-East Asia
Sudan,2015,1476591,3780,1476591,873000.0,2288000.0,3780,100.0,8730.0,Eastern Mediterranean
Suriname,2015,81,0,81,0.0,0.0,0,0.0,0.0,Americas
Syrian Arab Republic,2015,0,0,0,0.0,0.0,0,0.0,0.0,Eastern Mediterranean
Tajikistan,2015,0,0,0,0.0,0.0,0,0.0,0.0,Europe
Thailand,2015,17427,33,17427,0.0,0.0,33,0.0,0.0,South-East Asia
Timor-Leste,2015,141,0,141,120.0,160.0,0,0.0,0.0,South-East Asia
Togo,2015,2800982,5268,2800982,1943000.0,4129000.0,5268,4290.0,6250.0,Africa
Turkey,2015,0,0,0,0.0,0.0,0,0.0,0.0,Europe
Turkmenistan,2015,0,0,0,0.0,0.0,0,0.0,0.0,Europe
Uganda,2015,8182789,13809,8182789,4914000.0,12970000.0,13809,11300.0,16300.0,Africa
United Arab Emirates,2015,0,0,0,0.0,0.0,0,0.0,0.0,Eastern Mediterranean
United Republic of Tanzania,2015,6085465,21662,6085465,3870000.0,9136000.0,21662,19100.0,24200.0,Africa
Uzbekistan,2015,0,0,0,0.0,0.0,0,0.0,0.0,Europe
Vanuatu,2015,788,0,788,670.0,940.0,0,0.0,1.0,Western Pacific
Venezuela (Bolivarian Republic of),2015,172036,162,172036,144000.0,220000.0,162,30.0,280.0,Americas
Viet Nam,2015,11283,16,11283,10000.0,12000.0,16,1.0,30.0,Western Pacific
Yemen,2015,1022338,2607,1022338,606000.0,4645000.0,2607,80.0,11600.0,Eastern Mediterranean
Zambia,2015,3347169,7526,3347169,2398000.0,4710000.0,7526,6470.0,8580.0,Africa
Zimbabwe,2015,1081888,2769,1081888,739000.0,1465000.0,2769,80.0,5480.0,Africa
Afghanistan,2014,284198,136,284198,189000.0,409000.0,136,50.0,260.0,Eastern Mediterranean
Algeria,2014,0,0,0,0.0,0.0,0,0.0,0.0,Africa
Angola,2014,3768087,12763,3768087,2485000.0,5526000.0,12763,9410.0,16100.0,Africa
Argentina,2014,0,0,0,0.0,0.0,0,0.0,0.0,Americas
Armenia,2014,0,0,0,0.0,0.0,0,0.0,0.0,Europe
Azerbaijan,2014,0,0,0,0.0,0.0,0,0.0,0.0,Europe
Bangladesh,2014,53948,132,53948,49000.0,59000.0,132,5.0,210.0,South-East Asia
Belize,2014,19,0,19,0.0,0.0,0,0.0,0.0,Americas
Benin,2014,3387590,6709,3387590,2299000.0,5154000.0,6709,5190.0,8220.0,Africa
Bhutan,2014,19,0,19,0.0,0.0,0,0.0,0.0,South-East Asia
Bolivia (Plurinational State of),2014,11512,5,11512,8400.0,15000.0,5,1.0,9.0,Americas
Botswana,2014,2065,5,2065,1600.0,2900.0,5,0.0,10.0,Africa
Brazil,2014,146675,36,146675,141000.0,156000.0,36,0.0,0.0,Americas
Burkina Faso,2014,8258938,31910,8258938,5941000.0,11230000.0,31910,28100.0,35700.0,Africa
Burundi,2014,1688069,4964,1688069,999000.0,2680000.0,4964,4030.0,5900.0,Africa
Cabo Verde,2014,26,2,26,0.0,0.0,2,0.0,0.0,Africa
Cambodia,2014,247065,410,247065,221000.0,281000.0,410,30.0,700.0,Western Pacific
Cameroon,2014,7282873,12638,7282873,4754000.0,11060000.0,12638,9710.0,15500.0,Africa
Central African Republic,2014,1786895,5668,1786895,746000.0,3255000.0,5668,4640.0,6690.0,Africa
Chad,2014,2797275,9749,2797275,1513000.0,4737000.0,9749,7350.0,12200.0,Africa
China,2014,56,0,56,0.0,0.0,0,0.0,0.0,Western Pacific
Colombia,2014,56815,17,56815,43000.0,71000.0,17,0.0,0.0,Americas
Comoros,2014,2203,5,2203,0.0,0.0,5,0.0,8.0,Africa
Congo,2014,1017800,2000,1017800,569000.0,1712000.0,2000,1770.0,2230.0,Americas
Costa Rica,2014,0,0,0,0.0,0.0,0,0.0,0.0,Americas
Côte d'Ivoire,2014,3592810,9793,3592810,2104000.0,5852000.0,9793,8200.0,11400.0,Africa
Democratic People's Republic of Korea,2014,10535,0,10535,0.0,0.0,0,0.0,0.0,Western Pacific
Democratic Republic of the Congo,2014,23031390,46449,23031390,14630000.0,35610000.0,46449,35600.0,57300.0,Africa
Djibouti,2014,9439,28,9439,0.0,0.0,28,0.0,0.0,Eastern Mediterranean
Dominican Republic,2014,546,1,546,480.0,620.0,1,0.0,2.0,Americas
Ecuador,2014,242,0,242,0.0,0.0,0,0.0,0.0,Americas
Egypt,2014,22,0,22,0.0,0.0,0,0.0,0.0,Eastern Mediterranean
El Salvador,2014,6,0,6,0.0,0.0,0,0.0,0.0,Americas
Equatorial Guinea,2014,413388,919,413388,252000.0,626000.0,919,730.0,1110.0,Africa
Eritrea,2014,109689,227,109689,70000.0,153000.0,227,10.0,470.0,Africa
Eswatini,2014,711,1,711,0.0,0.0,1,0.0,2.0,Africa
Ethiopia,2014,3825848,6694,3825848,430000.0,10260000.0,6694,60.0,24000.0,Africa
Gabon,2014,341474,490,341474,139000.0,642000.0,490,430.0,550.0,Africa
Gambia,2014,291528,652,291528,235000.0,354000.0,652,560.0,750.0,Africa
Georgia,2014,0,0,0,0.0,0.0,0,0.0,0.0,Europe
Ghana,2014,8113023,12625,8113023,5384000.0,12160000.0,12625,11300.0,14000.0,Africa
Guatemala,2014,7170,2,7170,6000.0,9200.0,2,1.0,5.0,Americas
Guinea,2014,4255458,9428,4255458,2833000.0,5892000.0,9428,7580.0,11300.0,Africa
Guinea-Bissau,2014,103918,660,103918,38000.0,239000.0,660,560.0,760.0,Africa
Guyana,2014,22085,28,22085,17000.0,30000.0,28,3.0,50.0,Americas
Haiti,2014,31950,81,31950,22000.0,43000.0,81,2.0,160.0,Americas
Honduras,2014,4484,3,4484,3600.0,5500.0,3,0.0,5.0,Americas
India,2014,11420000,20647,11420000,8506000.0,15510000.0,20647,1410.0,39800.0,South-East Asia
Indonesia,2014,1492130,2406,1492130,1204000.0,1935000.0,2406,200.0,4570.0,South-East Asia
Iran (Islamic Republic of),2014,358,0,358,0.0,0.0,0,0.0,0.0,Eastern Mediterranean
Iraq,2014,0,0,0,0.0,0.0,0,0.0,0.0,Eastern Mediterranean
Kazakhstan,2014,0,0,0,0.0,0.0,0,0.0,0.0,Europe
Kenya,2014,3916556,12242,3916556,2205000.0,6574000.0,12242,10900.0,13600.0,Africa
Kyrgyzstan,2014,0,0,0,0.0,0.0,0,0.0,0.0,Europe
Lao People's Democratic Republic,2014,105109,160,105109,79000.0,136000.0,160,10.0,300.0,Western Pacific
Liberia,2014,877199,2176,877199,421000.0,1502000.0,2176,1850.0,2500.0,Africa
Madagascar,2014,1303958,3338,1303958,940000.0,1752000.0,3338,100.0,6560.0,Africa
Malawi,2014,4161861,7737,4161861,2743000.0,6007000.0,7737,6490.0,8990.0,Africa
Malaysia,2014,3147,4,3147,0.0,0.0,4,0.0,0.0,Western Pacific
Mali,2014,7468113,18224,7468113,5359000.0,10370000.0,18224,14300.0,22100.0,Africa
Mauritania,2014,193933,1355,193933,69000.0,376000.0,1355,1160.0,1550.0,Africa
Mexico,2014,656,0,656,0.0,0.0,0,0.0,0.0,Americas
Morocco,2014,0,0,0,0.0,0.0,0,0.0,0.0,Eastern Mediterranean
Mozambique,2014,9425097,16804,9425097,6967000.0,12880000.0,16804,13700.0,19900.0,Africa
Myanmar,2014,480112,913,480112,352000.0,667000.0,913,60.0,1830.0,South-East Asia
Namibia,2014,26278,67,26278,21000.0,32000.0,67,2.0,120.0,Africa
Nepal,2014,4933,3,4933,3100.0,9700.0,3,0.0,8.0,South-East Asia
Nicaragua,2014,1430,0,1430,1200.0,1700.0,0,0.0,1.0,Americas
Niger,2014,7700900,20025,7700900,4169000.0,12400000.0,20025,15100.0,24900.0,Africa
Nigeria,2014,59365039,107843,59365039,41180000.0,81580000.0,107843,84600.0,131000.0,Africa
Oman,2014,0,0,0,0.0,0.0,0,0.0,0.0,Eastern Mediterranean
Pakistan,2014,1373352,981,1373352,747000.0,2602000.0,981,220.0,2300.0,Eastern Mediterranean
Panama,2014,1016,0,1016,960.0,1100.0,0,0.0,0.0,Americas
Papua New Guinea,2014,1931287,3728,1931287,1185000.0,2926000.0,3728,220.0,7860.0,Western Pacific
Paraguay,2014,0,0,0,0.0,0.0,0,0.0,0.0,Americas
Peru,2014,81884,4,81884,69000.0,96000.0,4,0.0,0.0,Americas
Philippines,2014,14293,30,14293,11000.0,18000.0,30,1.0,60.0,Western Pacific
Republic of Korea,2014,557,0,557,0.0,0.0,0,0.0,0.0,Western Pacific
Rwanda,2014,2405272,3202,2405272,1826000.0,3011000.0,3202,2880.0,3530.0,Africa
Sao Tome and Principe,2014,1754,0,1754,0.0,0.0,0,0.0,0.0,Africa
Saudi Arabia,2014,30,0,30,0.0,0.0,0,0.0,0.0,Eastern Mediterranean
Senegal,2014,673074,4364,673074,498000.0,869000.0,4364,3870.0,4860.0,Africa
Sierra Leone,2014,2683566,18143,2683566,1754000.0,4004000.0,18143,16400.0,19900.0,Africa
Solomon Islands,2014,30591,49,30591,25000.0,39000.0,49,4.0,90.0,Western Pacific
Somalia,2014,430886,1103,430886,267000.0,641000.0,1103,30.0,2440.0,Eastern Mediterranean
South Africa,2014,11705,174,11705,0.0,0.0,174,0.0,0.0,Africa
South Sudan,2014,1668785,5321,1668785,970000.0,2686000.0,5321,4580.0,6060.0,Africa
Sri Lanka,2014,0,0,0,0.0,0.0,0,0.0,0.0,South-East Asia
Sudan,2014,1293793,3312,1293793,789000.0,2009000.0,3312,90.0,7640.0,Eastern Mediterranean
Suriname,2014,401,1,401,0.0,0.0,1,0.0,0.0,Americas
Syrian Arab Republic,2014,0,0,0,0.0,0.0,0,0.0,0.0,Eastern Mediterranean
Tajikistan,2014,2,0,2,0.0,0.0,0,0.0,0.0,Europe
Thailand,2014,37921,38,37921,0.0,0.0,38,0.0,0.0,South-East Asia
Timor-Leste,2014,567,0,567,480.0,660.0,0,0.0,1.0,South-East Asia
Togo,2014,2626144,4933,2626144,1814000.0,3785000.0,4933,4020.0,5850.0,Africa
Turkey,2014,0,0,0,0.0,0.0,0,0.0,0.0,Europe
Turkmenistan,2014,0,0,0,0.0,0.0,0,0.0,0.0,Europe
Uganda,2014,7040282,14003,7040282,4174000.0,11000000.0,14003,11400.0,16600.0,Africa
United Arab Emirates,2014,0,0,0,0.0,0.0,0,0.0,0.0,Eastern Mediterranean
United Republic of Tanzania,2014,5927919,21330,5927919,3724000.0,8923000.0,21330,18800.0,23900.0,Africa
Uzbekistan,2014,0,0,0,0.0,0.0,0,0.0,0.0,Europe
Vanuatu,2014,2431,2,2431,1800.0,3300.0,2,0.0,4.0,Western Pacific
Venezuela (Bolivarian Republic of),2014,114404,119,114404,96000.0,148000.0,119,20.0,210.0,Americas
Viet Nam,2014,19060,29,19060,18000.0,21000.0,29,2.0,50.0,Western Pacific
Yemen,2014,1168534,2983,1168534,686000.0,4710000.0,2983,90.0,13600.0,Eastern Mediterranean
Zambia,2014,3534876,7451,3534876,2468000.0,4925000.0,7451,6380.0,8530.0,Africa
Zimbabwe,2014,1093731,2799,1093731,812000.0,1394000.0,2799,90.0,5290.0,Africa
Afghanistan,2013,213914,99,213914,118000.0,352000.0,99,30.0,200.0,Eastern Mediterranean
Algeria,2013,8,0,8,0.0,0.0,0,0.0,0.0,Africa
Angola,2013,3384997,12399,3384997,2191000.0,4970000.0,12399,9070.0,15700.0,Africa
Argentina,2013,0,0,0,0.0,0.0,0,0.0,0.0,Americas
Armenia,2013,0,0,0,0.0,0.0,0,0.0,0.0,Europe
Azerbaijan,2013,0,0,0,0.0,0.0,0,0.0,0.0,Europe
Bangladesh,2013,25019,60,25019,22000.0,28000.0,60,2.0,100.0,South-East Asia
Belize,2013,20,0,20,0.0,0.0,0,0.0,0.0,Americas
Benin,2013,3219441,6633,3219441,2175000.0,4744000.0,6633,5130.0,8140.0,Africa
Bhutan,2013,15,0,15,0.0,0.0,0,0.0,0.0,South-East Asia
Bolivia (Plurinational State of),2013,11356,7,11356,8300.0,15000.0,7,1.0,10.0,Americas
Botswana,2013,725,1,725,570.0,1000.0,1,0.0,3.0,Africa
Brazil,2013,194191,40,194191,175000.0,211000.0,40,0.0,0.0,Americas
Burkina Faso,2013,8736057,33414,8736057,6232000.0,11820000.0,33414,29200.0,37600.0,Africa
Burundi,2013,1539318,4857,1539318,911000.0,2416000.0,4857,3930.0,5790.0,Africa
Cabo Verde,2013,22,0,22,0.0,0.0,0,0.0,0.0,Africa
Cambodia,2013,173259,238,173259,155000.0,196000.0,238,20.0,400.0,Western Pacific
Cameroon,2013,6960282,12484,6960282,4546000.0,10510000.0,12484,9620.0,15400.0,Africa
Central African Republic,2013,1885599,6106,1885599,804000.0,3320000.0,6106,4990.0,7220.0,Africa
Chad,2013,2947833,10632,2947833,1699000.0,4685000.0,10632,8000.0,13300.0,Africa
China,2013,86,0,86,0.0,0.0,0,0.0,0.0,Western Pacific
Colombia,2013,72044,10,72044,55000.0,90000.0,10,0.0,0.0,Americas
Comoros,2013,53156,134,53156,0.0,0.0,134,5.0,210.0,Africa
Congo,2013,975903,1994,975903,562000.0,1638000.0,1994,1760.0,2230.0,Americas
Costa Rica,2013,0,0,0,0.0,0.0,0,0.0,0.0,Americas
Côte d'Ivoire,2013,4332409,10871,4332409,2601000.0,6860000.0,10871,9020.0,12700.0,Africa
Democratic People's Republic of Korea,2013,14407,0,14407,0.0,0.0,0,0.0,0.0,Western Pacific
Democratic Republic of the Congo,2013,22488362,46747,22488362,14430000.0,34870000.0,46747,35800.0,57600.0,Africa
Djibouti,2013,1684,17,1684,0.0,0.0,17,0.0,0.0,Eastern Mediterranean
Dominican Republic,2013,720,1,720,610.0,840.0,1,0.0,3.0,Americas
Ecuador,2013,368,0,368,0.0,0.0,0,0.0,0.0,Americas
Egypt,2013,0,0,0,0.0,0.0,0,0.0,0.0,Eastern Mediterranean
El Salvador,2013,6,0,6,0.0,0.0,0,0.0,0.0,Americas
Equatorial Guinea,2013,496542,1017,496542,308000.0,725000.0,1017,810.0,1220.0,Africa
Eritrea,2013,49309,88,49309,31000.0,70000.0,88,5.0,180.0,Africa
Eswatini,2013,962,2,962,0.0,0.0,2,0.0,3.0,Africa
Ethiopia,2013,5173952,9520,5173952,420000.0,21680000.0,9520,50.0,50800.0,Africa
Gabon,2013,339163,478,339163,134000.0,622000.0,478,420.0,540.0,Africa
Gambia,2013,471968,644,471968,377000.0,575000.0,644,550.0,740.0,Africa
Georgia,2013,0,0,0,0.0,0.0,0,0.0,0.0,Europe
Ghana,2013,8552123,13686,8552123,5764000.0,12670000.0,13686,12100.0,15300.0,Africa
Guatemala,2013,7886,3,7886,6600.0,10000.0,3,1.0,5.0,Americas
Guinea,2013,4344956,10278,4344956,3003000.0,5922000.0,10278,8220.0,12300.0,Africa
Guinea-Bissau,2013,102461,657,102461,39000.0,216000.0,657,560.0,760.0,Africa
Guyana,2013,56946,90,56946,43000.0,78000.0,90,7.0,180.0,Americas
Haiti,2013,48004,122,48004,30000.0,73000.0,122,3.0,270.0,Americas
Honduras,2013,7205,6,7205,5700.0,8800.0,6,1.0,10.0,Americas
India,2013,11210000,17086,11210000,8306000.0,15110000.0,17086,1530.0,32100.0,South-East Asia
Indonesia,2013,2033858,3236,2033858,1643000.0,2632000.0,3236,280.0,6170.0,South-East Asia
Iran (Islamic Republic of),2013,479,0,479,0.0,0.0,0,0.0,0.0,Eastern Mediterranean
Iraq,2013,0,0,0,0.0,0.0,0,0.0,0.0,Eastern Mediterranean
Kazakhstan,2013,0,0,0,0.0,0.0,0,0.0,0.0,Europe
Kenya,2013,3754660,12111,3754660,2110000.0,6328000.0,12111,10700.0,13500.0,Africa
Kyrgyzstan,2013,0,0,0,0.0,0.0,0,0.0,0.0,Europe
Lao People's Democratic Republic,2013,80695,148,80695,60000.0,104000.0,148,10.0,280.0,Western Pacific
Liberia,2013,907189,2208,907189,483000.0,1425000.0,2208,1870.0,2540.0,Africa
Madagascar,2013,1813487,4642,1813487,1184000.0,2781000.0,4642,140.0,10000.0,Africa
Malawi,2013,4169285,8161,4169285,2817000.0,6014000.0,8161,6790.0,9530.0,Africa
Malaysia,2013,2921,10,2921,0.0,0.0,10,0.0,0.0,Western Pacific
Mali,2013,7448756,19765,7448756,5311000.0,10230000.0,19765,15500.0,24100.0,Africa
Mauritania,2013,127145,1296,127145,38000.0,263000.0,1296,1110.0,1480.0,Africa
Mexico,2013,495,0,495,0.0,0.0,0,0.0,0.0,Americas
Morocco,2013,0,0,0,0.0,0.0,0,0.0,0.0,Eastern Mediterranean
Mozambique,2013,9644363,17334,9644363,7129000.0,13080000.0,17334,14100.0,20600.0,Africa
Myanmar,2013,709051,1356,709051,529000.0,978000.0,1356,90.0,2690.0,South-East Asia
Namibia,2013,8109,20,8109,6500.0,9900.0,20,0.0,40.0,Africa
Nepal,2013,10326,7,10326,7200.0,18000.0,7,1.0,20.0,South-East Asia
Nicaragua,2013,1455,1,1455,1200.0,1700.0,1,0.0,1.0,Americas
Niger,2013,7780901,21180,7780901,4452000.0,12230000.0,21180,16000.0,26400.0,Africa
Nigeria,2013,62020888,116472,62020888,43310000.0,84840000.0,116472,91200.0,142000.0,Africa
Oman,2013,0,0,0,0.0,0.0,0,0.0,0.0,Eastern Mediterranean
Pakistan,2013,1419225,1047,1419225,762000.0,2687000.0,1047,220.0,2390.0,Eastern Mediterranean
Panama,2013,758,0,758,730.0,810.0,0,0.0,0.0,Americas
Papua New Guinea,2013,1677722,4044,1677722,956000.0,2546000.0,4044,150.0,8350.0,Western Pacific
Paraguay,2013,0,0,0,0.0,0.0,0,0.0,0.0,Americas
Peru,2013,61137,4,61137,51000.0,72000.0,4,0.0,0.0,Americas
Philippines,2013,17718,36,17718,13000.0,22000.0,36,1.0,70.0,Western Pacific
Republic of Korea,2013,383,0,383,0.0,0.0,0,0.0,0.0,Western Pacific
Rwanda,2013,1304560,3200,1304560,1093000.0,1531000.0,3200,2850.0,3550.0,Africa
Sao Tome and Principe,2013,9243,11,9243,0.0,0.0,11,0.0,0.0,Africa
Saudi Arabia,2013,34,0,34,0.0,0.0,0,0.0,0.0,Eastern Mediterranean
Senegal,2013,1126085,4252,1126085,782000.0,1484000.0,4252,3760.0,4740.0,Africa
Sierra Leone,2013,2717309,19129,2717309,1808000.0,4035000.0,19129,17100.0,21200.0,Africa
Solomon Islands,2013,53689,83,53689,40000.0,75000.0,83,7.0,160.0,Western Pacific
Somalia,2013,366378,937,366378,222000.0,544000.0,937,20.0,2080.0,Eastern Mediterranean
South Africa,2013,8645,105,8645,0.0,0.0,105,0.0,0.0,Africa
South Sudan,2013,1707171,5075,1707171,1007000.0,2741000.0,5075,4370.0,5780.0,Africa
Sri Lanka,2013,0,0,0,0.0,0.0,0,0.0,0.0,South-East Asia
Sudan,2013,1115132,2854,1115132,683000.0,1694000.0,2854,80.0,6440.0,Eastern Mediterranean
Suriname,2013,729,1,729,0.0,0.0,1,0.0,0.0,Americas
Syrian Arab Republic,2013,0,0,0,0.0,0.0,0,0.0,0.0,Eastern Mediterranean
Tajikistan,2013,3,0,3,0.0,0.0,0,0.0,0.0,Europe
Thailand,2013,33302,47,33302,0.0,0.0,47,0.0,0.0,South-East Asia
Timor-Leste,2013,1709,2,1709,1500.0,2000.0,2,0.0,4.0,South-East Asia
Togo,2013,2484119,4689,2484119,1690000.0,3568000.0,4689,3820.0,5560.0,Africa
Turkey,2013,0,0,0,0.0,0.0,0,0.0,0.0,Europe
Turkmenistan,2013,0,0,0,0.0,0.0,0,0.0,0.0,Europe
Uganda,2013,7407982,14254,7407982,4431000.0,11680000.0,14254,11600.0,16900.0,Africa
United Arab Emirates,2013,0,0,0,0.0,0.0,0,0.0,0.0,Eastern Mediterranean
United Republic of Tanzania,2013,5792430,20990,5792430,3646000.0,8693000.0,20990,18400.0,23600.0,Africa
Uzbekistan,2013,0,0,0,0.0,0.0,0,0.0,0.0,Europe
Vanuatu,2013,5334,7,5334,4000.0,7200.0,7,0.0,10.0,Western Pacific
Venezuela (Bolivarian Republic of),2013,99809,114,99809,83000.0,129000.0,114,20.0,200.0,Americas
Viet Nam,2013,20760,34,20760,19000.0,23000.0,34,2.0,60.0,Western Pacific
Yemen,2013,707544,1805,707544,507000.0,1009000.0,1805,60.0,3480.0,Eastern Mediterranean
Zambia,2013,3355470,7042,3355470,2292000.0,4698000.0,7042,6040.0,8040.0,Africa
Zimbabwe,2013,863883,2211,863883,617000.0,1122000.0,2211,70.0,4270.0,Africa
Afghanistan,2012,278223,117,278223,134000.0,472000.0,117,30.0,260.0,Eastern Mediterranean
Algeria,2012,55,0,55,0.0,0.0,0,0.0,0.0,Africa
Angola,2012,3111760,12437,3111760,1964000.0,4531000.0,12437,9050.0,15800.0,Africa
Argentina,2012,0,0,0,0.0,0.0,0,0.0,0.0,Americas
Armenia,2012,0,0,0,0.0,0.0,0,0.0,0.0,Europe
Azerbaijan,2012,3,0,3,0.0,0.0,0,0.0,0.0,Europe
Bangladesh,2012,35333,87,35333,31000.0,40000.0,87,3.0,140.0,South-East Asia
Belize,2012,33,0,33,0.0,0.0,0,0.0,0.0,Americas
Benin,2012,3307673,6940,3307673,2272000.0,4869000.0,6940,5380.0,8500.0,Africa
Bhutan,2012,0,1,0,0.0,0.0,1,0.0,0.0,South-East Asia
Bolivia (Plurinational State of),2012,11534,5,11534,8400.0,15000.0,5,1.0,9.0,Americas
Botswana,2012,302,0,302,230.0,430.0,0,0.0,1.0,Africa
Brazil,2012,255662,60,255662,246000.0,273000.0,60,0.0,0.0,Americas
Burkina Faso,2012,9228345,37028,9228345,6569000.0,12300000.0,37028,32100.0,42000.0,Africa
Burundi,2012,1501315,4876,1501315,900000.0,2373000.0,4876,3940.0,5820.0,Africa
Cabo Verde,2012,1,0,1,0.0,0.0,0,0.0,0.0,Africa
Cambodia,2012,266576,393,266576,239000.0,300000.0,393,40.0,670.0,Western Pacific
Cameroon,2012,6168031,12301,6168031,4057000.0,9447000.0,12301,9450.0,15200.0,Africa
Central African Republic,2012,2023795,6739,2023795,881000.0,3485000.0,6739,5480.0,7990.0,Africa
Chad,2012,3296088,11575,3296088,2209000.0,4858000.0,11575,8700.0,14400.0,Africa
China,2012,244,0,244,0.0,0.0,0,0.0,0.0,Western Pacific
Colombia,2012,83866,24,83866,64000.0,105000.0,24,0.0,0.0,Americas
Comoros,2012,49840,126,49840,0.0,0.0,126,5.0,200.0,Africa
Congo,2012,916492,1951,916492,537000.0,1538000.0,1951,1720.0,2180.0,Americas
Costa Rica,2012,6,0,6,0.0,0.0,0,0.0,0.0,Americas
Côte d'Ivoire,2012,5908246,12502,5908246,3700000.0,9477000.0,12502,10300.0,14700.0,Africa
Democratic People's Republic of Korea,2012,21850,0,21850,0.0,0.0,0,0.0,0.0,Western Pacific
Democratic Republic of the Congo,2012,22281939,48763,22281939,14450000.0,34250000.0,48763,37300.0,60200.0,Africa
Djibouti,2012,25,0,25,0.0,0.0,0,0.0,0.0,Eastern Mediterranean
Dominican Republic,2012,1185,3,1185,1000.0,1400.0,3,0.0,5.0,Americas
Ecuador,2012,544,0,544,0.0,0.0,0,0.0,0.0,Americas
Egypt,2012,0,0,0,0.0,0.0,0,0.0,0.0,Eastern Mediterranean
El Salvador,2012,13,0,13,0.0,0.0,0,0.0,0.0,Americas
Equatorial Guinea,2012,490132,1067,490132,308000.0,709000.0,1067,850.0,1280.0,Africa
Eritrea,2012,52483,85,52483,33000.0,75000.0,85,6.0,180.0,Africa
Eswatini,2012,562,1,562,0.0,0.0,1,0.0,2.0,Africa
Ethiopia,2012,5237442,8816,5237442,424000.0,22450000.0,8816,50.0,46500.0,Africa
Gabon,2012,326053,460,326053,145000.0,584000.0,460,400.0,520.0,Africa
Gambia,2012,531834,636,531834,434000.0,638000.0,636,540.0,730.0,Africa
Georgia,2012,0,0,0,0.0,0.0,0,0.0,0.0,Europe
Ghana,2012,9004550,14403,9004550,6128000.0,13160000.0,14403,12600.0,16200.0,Africa
Guatemala,2012,6793,2,6793,5600.0,8800.0,2,1.0,4.0,Americas
Guinea,2012,4452801,11578,4452801,3251000.0,6051000.0,11578,9200.0,14000.0,Africa
Guinea-Bissau,2012,102959,660,102959,46000.0,190000.0,660,560.0,760.0,Africa
Guyana,2012,43311,77,43311,35000.0,53000.0,77,5.0,140.0,Americas
Haiti,2012,58234,149,58234,36000.0,89000.0,149,4.0,320.0,Americas
Honduras,2012,8544,4,8544,6800.0,10000.0,4,1.0,8.0,Americas
India,2012,14220000,20722,14220000,10490000.0,19450000.0,20722,1980.0,39300.0,South-East Asia
Indonesia,2012,2473705,3893,2473705,1994000.0,3214000.0,3893,340.0,7440.0,South-East Asia
Iran (Islamic Republic of),2012,756,0,756,0.0,0.0,0,0.0,0.0,Eastern Mediterranean
Iraq,2012,0,0,0,0.0,0.0,0,0.0,0.0,Eastern Mediterranean
Kazakhstan,2012,0,0,0,0.0,0.0,0,0.0,0.0,Europe
Kenya,2012,3252855,11990,3252855,1862000.0,5394000.0,11990,10600.0,13400.0,Africa
Kyrgyzstan,2012,0,0,0,0.0,0.0,0,0.0,0.0,Europe
Lao People's Democratic Republic,2012,98137,215,98137,73000.0,126000.0,215,10.0,420.0,Western Pacific
Liberia,2012,1033327,2354,1033327,617000.0,1648000.0,2354,1980.0,2730.0,Africa
Madagascar,2012,1824487,4670,1824487,1126000.0,2899000.0,4670,130.0,10400.0,Africa
Malawi,2012,4317650,8819,4317650,2969000.0,6244000.0,8819,7290.0,10400.0,Africa
Malaysia,2012,3662,12,3662,0.0,0.0,12,0.0,0.0,Western Pacific
Mali,2012,6961475,19798,6961475,4944000.0,9445000.0,19798,15500.0,24100.0,Africa
Mauritania,2012,105626,1274,105626,24000.0,234000.0,1274,1090.0,1460.0,Africa
Mexico,2012,833,0,833,0.0,0.0,0,0.0,0.0,Americas
Morocco,2012,0,4,0,0.0,0.0,4,0.0,0.0,Eastern Mediterranean
Mozambique,2012,9576806,17343,9576806,7090000.0,12950000.0,17343,14100.0,20600.0,Africa
Myanmar,2012,1898175,3690,1898175,1375000.0,2730000.0,3690,230.0,7560.0,South-East Asia
Namibia,2012,5884,15,5884,2700.0,9700.0,15,0.0,40.0,Africa
Nepal,2012,13227,6,13227,8300.0,27000.0,6,2.0,20.0,South-East Asia
Nicaragua,2012,1546,1,1546,1300.0,1800.0,1,0.0,2.0,Americas
Niger,2012,7660985,22040,7660985,4461000.0,11860000.0,22040,16600.0,27400.0,Africa
Nigeria,2012,61587135,125290,61587135,43510000.0,83800000.0,125290,98100.0,152000.0,Africa
Oman,2012,0,0,0,0.0,0.0,0,0.0,0.0,Eastern Mediterranean
Pakistan,2012,1652576,1704,1652576,796000.0,3282000.0,1704,230.0,4250.0,Eastern Mediterranean
Panama,2012,896,1,896,860.0,960.0,1,0.0,0.0,Americas
Papua New Guinea,2012,1414839,3048,1414839,503000.0,2815000.0,3048,110.0,8100.0,Western Pacific
Paraguay,2012,0,0,0,0.0,0.0,0,0.0,0.0,Americas
Peru,2012,39448,7,39448,33000.0,46000.0,7,0.0,0.0,Americas
Philippines,2012,19379,36,19379,14000.0,25000.0,36,2.0,70.0,Western Pacific
Republic of Korea,2012,394,0,394,0.0,0.0,0,0.0,0.0,Western Pacific
Rwanda,2012,748975,3209,748975,596000.0,911000.0,3209,2840.0,3580.0,Africa
Sao Tome and Principe,2012,12550,7,12550,0.0,0.0,7,0.0,0.0,Africa
Saudi Arabia,2012,82,0,82,0.0,0.0,0,0.0,0.0,Eastern Mediterranean
Senegal,2012,835134,4256,835134,570000.0,1128000.0,4256,3740.0,4770.0,Africa
Sierra Leone,2012,2849037,20678,2849037,1799000.0,4171000.0,20678,18200.0,23100.0,Africa
Solomon Islands,2012,52221,89,52221,38000.0,74000.0,89,6.0,180.0,Western Pacific
Somalia,2012,310864,795,310864,187000.0,454000.0,795,20.0,1730.0,Eastern Mediterranean
South Africa,2012,5629,72,5629,0.0,0.0,72,0.0,0.0,Africa
South Sudan,2012,1818297,5006,1818297,1122000.0,2834000.0,5006,4300.0,5710.0,Africa
Sri Lanka,2012,23,0,23,0.0,0.0,0,0.0,0.0,South-East Asia
Sudan,2012,993585,2543,993585,631000.0,1493000.0,2543,70.0,5690.0,Eastern Mediterranean
Suriname,2012,356,0,356,0.0,0.0,0,0.0,0.0,Americas
Syrian Arab Republic,2012,0,0,0,0.0,0.0,0,0.0,0.0,Eastern Mediterranean
Tajikistan,2012,18,0,18,0.0,0.0,0,0.0,0.0,Europe
Thailand,2012,32569,37,32569,0.0,0.0,37,0.0,0.0,South-East Asia
Timor-Leste,2012,7821,10,7821,6600.0,9100.0,10,1.0,20.0,South-East Asia
Togo,2012,2399812,4676,2399812,1634000.0,3435000.0,4676,3810.0,5540.0,Africa
Turkey,2012,0,0,0,0.0,0.0,0,0.0,0.0,Europe
Turkmenistan,2012,0,0,0,0.0,0.0,0,0.0,0.0,Europe
Uganda,2012,9074100,15821,9074100,5816000.0,14490000.0,15821,12700.0,18900.0,Africa
United Arab Emirates,2012,0,0,0,0.0,0.0,0,0.0,0.0,Eastern Mediterranean
United Republic of Tanzania,2012,5851532,20124,5851532,3638000.0,8761000.0,20124,17700.0,22600.0,Africa
Uzbekistan,2012,0,0,0,0.0,0.0,0,0.0,0.0,Europe
Vanuatu,2012,8408,12,8408,6400.0,12000.0,12,1.0,20.0,Western Pacific
Venezuela (Bolivarian Republic of),2012,67122,62,67122,56000.0,86000.0,62,10.0,110.0,Americas
Viet Nam,2012,23838,40,23838,22000.0,27000.0,40,3.0,70.0,Western Pacific
Yemen,2012,849989,2169,849989,578000.0,1295000.0,2169,70.0,4360.0,Eastern Mediterranean
Zambia,2012,2681660,6865,2681660,1807000.0,3828000.0,6865,5870.0,7860.0,Africa
Zimbabwe,2012,592186,1515,592186,408000.0,791000.0,1515,40.0,2980.0,Africa
Afghanistan,2011,454823,242,454823,210000.0,746000.0,242,70.0,490.0,Eastern Mediterranean
Algeria,2011,1,0,1,0.0,0.0,0,0.0,0.0,Africa
Angola,2011,3040461,12763,3040461,1910000.0,4456000.0,12763,9270.0,16300.0,Africa
Argentina,2011,0,0,0,0.0,0.0,0,0.0,0.0,Americas
Armenia,2011,0,0,0,0.0,0.0,0,0.0,0.0,Europe
Azerbaijan,2011,4,0,4,0.0,0.0,0,0.0,0.0,Europe
Bangladesh,2011,102302,250,102302,88000.0,118000.0,250,10.0,420.0,South-East Asia
Belize,2011,72,0,72,0.0,0.0,0,0.0,0.0,Americas
Benin,2011,3515943,7554,3515943,2362000.0,5240000.0,7554,5900.0,9210.0,Africa
Bhutan,2011,228,1,228,0.0,0.0,1,0.0,0.0,South-East Asia
Bolivia (Plurinational State of),2011,10175,5,10175,7600.0,13000.0,5,1.0,9.0,Americas
Botswana,2011,678,1,678,520.0,970.0,1,0.0,3.0,Africa
Brazil,2011,281346,70,281346,271000.0,300000.0,70,0.0,0.0,Americas
Burkina Faso,2011,9320362,40873,9320362,6648000.0,12390000.0,40873,35100.0,46600.0,Africa
Burundi,2011,1546912,4724,1546912,916000.0,2506000.0,4724,3800.0,5660.0,Africa
Cabo Verde,2011,7,1,7,0.0,0.0,1,0.0,0.0,Africa
Cambodia,2011,376898,657,376898,338000.0,424000.0,657,50.0,1120.0,Western Pacific
Cameroon,2011,5462230,11848,5462230,3592000.0,8136000.0,11848,9060.0,14600.0,Africa
Central African Republic,2011,2118745,7426,2118745,1003000.0,3588000.0,7426,6020.0,8830.0,Africa
Chad,2011,3565593,12809,3565593,2570000.0,4807000.0,12809,9660.0,16000.0,Africa
China,2011,3367,33,3367,0.0,0.0,33,0.0,0.0,Western Pacific
Colombia,2011,83763,23,83763,64000.0,104000.0,23,0.0,0.0,Americas
Comoros,2011,24856,61,24856,0.0,0.0,61,2.0,100.0,Africa
Congo,2011,861145,1948,861145,485000.0,1412000.0,1948,1710.0,2190.0,Americas
Costa Rica,2011,10,0,10,0.0,0.0,0,0.0,0.0,Americas
Côte d'Ivoire,2011,7525922,14960,7525922,5095000.0,11190000.0,14960,12200.0,17700.0,Africa
Democratic People's Republic of Korea,2011,16760,0,16760,0.0,0.0,0,0.0,0.0,Western Pacific
Democratic Republic of the Congo,2011,22535174,53765,22535174,14950000.0,34200000.0,53765,41200.0,66300.0,Africa
Djibouti,2011,0,0,0,0.0,0.0,0,0.0,0.0,Eastern Mediterranean
Dominican Republic,2011,2010,5,2010,1700.0,2300.0,5,0.0,8.0,Americas
Ecuador,2011,1219,0,1219,0.0,0.0,0,0.0,0.0,Americas
Egypt,2011,0,4,0,0.0,0.0,4,0.0,0.0,Eastern Mediterranean
El Salvador,2011,9,0,9,0.0,0.0,0,0.0,0.0,Americas
Equatorial Guinea,2011,481385,1079,481385,302000.0,706000.0,1079,860.0,1300.0,Africa
Eritrea,2011,76678,142,76678,49000.0,107000.0,142,9.0,290.0,Africa
Eswatini,2011,549,1,549,0.0,0.0,1,0.0,2.0,Africa
Ethiopia,2011,5094685,8489,5094685,410000.0,22710000.0,8489,50.0,45000.0,Africa
Gabon,2011,309019,438,309019,145000.0,576000.0,438,380.0,490.0,Africa
Gambia,2011,483793,631,483793,400000.0,577000.0,631,530.0,730.0,Africa
Georgia,2011,0,0,0,0.0,0.0,0,0.0,0.0,Europe
Ghana,2011,9251148,14954,9251148,6348000.0,13300000.0,14954,13000.0,16900.0,Africa
Guatemala,2011,8638,3,8638,7200.0,11000.0,3,1.0,6.0,Americas
Guinea,2011,4455792,12479,4455792,3236000.0,6069000.0,12479,9870.0,15100.0,Africa
Guinea-Bissau,2011,113666,664,113666,56000.0,192000.0,664,560.0,770.0,Africa
Guyana,2011,40880,76,40880,33000.0,50000.0,76,4.0,140.0,Americas
Haiti,2011,79329,203,79329,49000.0,122000.0,203,5.0,440.0,Americas
Honduras,2011,9969,5,9969,7900.0,12000.0,5,1.0,9.0,Americas
India,2011,17520000,25990,17520000,12760000.0,23930000.0,25990,2360.0,49100.0,South-East Asia
Indonesia,2011,2488590,3921,2488590,2013000.0,3226000.0,3921,340.0,7430.0,South-East Asia
Iran (Islamic Republic of),2011,1632,0,1632,0.0,0.0,0,0.0,0.0,Eastern Mediterranean
Iraq,2011,0,0,0,0.0,0.0,0,0.0,0.0,Eastern Mediterranean
Kazakhstan,2011,0,0,0,0.0,0.0,0,0.0,0.0,Europe
Kenya,2011,2930265,11834,2930265,1701000.0,4797000.0,11834,10400.0,13200.0,Africa
Kyrgyzstan,2011,0,0,0,0.0,0.0,0,0.0,0.0,Europe
Lao People's Democratic Republic,2011,36513,87,36513,27000.0,47000.0,87,3.0,160.0,Western Pacific
Liberia,2011,1253129,2554,1253129,785000.0,2007000.0,2554,2120.0,2980.0,Africa
Madagascar,2011,841836,2155,841836,524000.0,1225000.0,2155,60.0,4520.0,Africa
Malawi,2011,4476529,9085,4476529,3085000.0,6518000.0,9085,7480.0,10700.0,Africa
Malaysia,2011,3954,12,3954,0.0,0.0,12,0.0,0.0,Western Pacific
Mali,2011,6279267,19409,6279267,4466000.0,8577000.0,19409,15200.0,23600.0,Africa
Mauritania,2011,171669,1250,171669,43000.0,357000.0,1250,1060.0,1440.0,Africa
Mexico,2011,1124,0,1124,0.0,0.0,0,0.0,0.0,Americas
Morocco,2011,0,0,0,0.0,0.0,0,0.0,0.0,Eastern Mediterranean
Mozambique,2011,8930459,17478,8930459,6554000.0,12230000.0,17478,14100.0,20800.0,Africa
Myanmar,2011,1322336,2471,1322336,1036000.0,1724000.0,2471,160.0,4650.0,South-East Asia
Namibia,2011,3671,9,3671,2600.0,5400.0,9,0.0,20.0,Africa
Nepal,2011,24062,10,24062,15000.0,45000.0,10,3.0,20.0,South-East Asia
Nicaragua,2011,1158,0,1158,970.0,1400.0,0,0.0,1.0,Americas
Niger,2011,7323097,22258,7323097,4124000.0,11200000.0,22258,16800.0,27800.0,Africa
Nigeria,2011,60529456,136533,60529456,43880000.0,82700000.0,136533,107000.0,166000.0,Africa
Oman,2011,0,0,0,0.0,0.0,0,0.0,0.0,Eastern Mediterranean
Pakistan,2011,1905938,1814,1905938,933000.0,3682000.0,1814,280.0,4330.0,Eastern Mediterranean
Panama,2011,376,0,376,360.0,400.0,0,0.0,0.0,Americas
Papua New Guinea,2011,1045967,2344,1045967,388000.0,1806000.0,2344,80.0,5580.0,Western Pacific
Paraguay,2011,1,0,1,0.0,0.0,0,0.0,0.0,Americas
Peru,2011,30122,1,30122,26000.0,34000.0,1,0.0,0.0,Americas
Philippines,2011,24222,48,24222,18000.0,31000.0,48,2.0,90.0,Western Pacific
Republic of Korea,2011,505,2,505,0.0,0.0,2,0.0,0.0,Western Pacific
Rwanda,2011,401794,3218,401794,301000.0,511000.0,3218,2820.0,3620.0,Africa
Sao Tome and Principe,2011,8442,19,8442,0.0,0.0,19,0.0,0.0,Africa
Saudi Arabia,2011,69,0,69,0.0,0.0,0,0.0,0.0,Eastern Mediterranean
Senegal,2011,709373,4271,709373,498000.0,942000.0,4271,3720.0,4820.0,Africa
Sierra Leone,2011,3006695,22419,3006695,1957000.0,4314000.0,22419,19500.0,25300.0,Africa
Solomon Islands,2011,62676,109,62676,44000.0,92000.0,109,8.0,230.0,Western Pacific
Somalia,2011,301405,771,301405,181000.0,441000.0,771,20.0,1680.0,Eastern Mediterranean
South Africa,2011,9866,54,9866,0.0,0.0,54,0.0,0.0,Africa
South Sudan,2011,1939487,5136,1939487,1248000.0,2904000.0,5136,4380.0,5890.0,Africa
Sri Lanka,2011,124,0,124,0.0,0.0,0,0.0,0.0,South-East Asia
Sudan,2011,951357,2435,951357,611000.0,1442000.0,2435,70.0,5500.0,Eastern Mediterranean
Suriname,2011,771,1,771,0.0,0.0,1,0.0,0.0,Americas
Syrian Arab Republic,2011,0,0,0,0.0,0.0,0,0.0,0.0,Eastern Mediterranean
Tajikistan,2011,65,0,65,0.0,0.0,0,0.0,0.0,Europe
Thailand,2011,24897,43,24897,0.0,0.0,43,0.0,0.0,South-East Asia
Timor-Leste,2011,33063,70,33063,26000.0,41000.0,70,3.0,130.0,South-East Asia
Togo,2011,2350507,4814,2350507,1593000.0,3322000.0,4814,3910.0,5720.0,Africa
Turkey,2011,0,0,0,0.0,0.0,0,0.0,0.0,Europe
Turkmenistan,2011,0,0,0,0.0,0.0,0,0.0,0.0,Europe
Uganda,2011,10686032,18393,10686032,7124000.0,16720000.0,18393,14700.0,22100.0,Africa
United Arab Emirates,2011,0,0,0,0.0,0.0,0,0.0,0.0,Eastern Mediterranean
United Republic of Tanzania,2011,6300351,20131,6300351,3854000.0,9585000.0,20131,17600.0,22700.0,Africa
Uzbekistan,2011,0,0,0,0.0,0.0,0,0.0,0.0,Europe
Vanuatu,2011,11651,14,11651,8800.0,16000.0,14,1.0,30.0,Western Pacific
Venezuela (Bolivarian Republic of),2011,58086,51,58086,48000.0,75000.0,51,9.0,90.0,Americas
Viet Nam,2011,20206,35,20206,19000.0,23000.0,35,2.0,60.0,Western Pacific
Yemen,2011,792458,2013,792458,480000.0,1406000.0,2013,70.0,4620.0,Eastern Mediterranean
Zambia,2011,2298064,6688,2298064,1550000.0,3291000.0,6688,5710.0,7660.0,Africa
Zimbabwe,2011,718725,1839,718725,473000.0,982000.0,1839,50.0,3720.0,Africa
Afghanistan,2010,353343,200,353343,181000.0,581000.0,200,60.0,410.0,Eastern Mediterranean
Algeria,2010,1,1,1,0.0,0.0,1,0.0,0.0,Africa
Angola,2010,3125901,13351,3125901,2009000.0,4595000.0,13351,9730.0,17000.0,Africa
Argentina,2010,14,0,14,0.0,0.0,0,0.0,0.0,Americas
Armenia,2010,0,0,0,0.0,0.0,0,0.0,0.0,Europe
Azerbaijan,2010,50,0,50,0.0,0.0,0,0.0,0.0,Europe
Bangladesh,2010,113895,274,113895,97000.0,133000.0,274,10.0,470.0,South-East Asia
Belize,2010,150,0,150,0.0,0.0,0,0.0,0.0,Americas
Benin,2010,3713395,8273,3713395,2495000.0,5565000.0,8273,6520.0,10000.0,Africa
Bhutan,2010,526,2,526,0.0,0.0,2,0.0,0.0,South-East Asia
Bolivia (Plurinational State of),2010,19614,11,19614,15000.0,25000.0,11,3.0,20.0,Americas
Botswana,2010,3072,7,3072,1300.0,8600.0,7,0.0,30.0,Africa
Brazil,2010,384655,76,384655,346000.0,417000.0,76,0.0,0.0,Americas
Burkina Faso,2010,9221846,43695,9221846,6578000.0,12230000.0,43695,37300.0,50100.0,Africa
Burundi,2010,1608931,4801,1608931,955000.0,2677000.0,4801,3840.0,5760.0,Africa
Cabo Verde,2010,47,1,47,0.0,0.0,1,0.0,0.0,Africa
Cambodia,2010,361377,659,361377,304000.0,430000.0,659,40.0,1170.0,Western Pacific
Cameroon,2010,5361329,12340,5361329,3578000.0,7972000.0,12340,9450.0,15200.0,Africa
Central African Republic,2010,2140887,8165,2140887,1060000.0,3519000.0,8165,6590.0,9730.0,Africa
Chad,2010,3594883,13695,3594883,2594000.0,4735000.0,13695,10300.0,17000.0,Africa
China,2010,4990,19,4990,0.0,0.0,19,0.0,0.0,Western Pacific
Colombia,2010,163874,42,163874,125000.0,204000.0,42,0.0,0.0,Americas
Comoros,2010,36538,90,36538,0.0,0.0,90,3.0,140.0,Africa
Congo,2010,835820,1962,835820,468000.0,1370000.0,1962,1710.0,2210.0,Americas
Costa Rica,2010,110,0,110,0.0,0.0,0,0.0,0.0,Americas
Côte d'Ivoire,2010,7939844,16925,7939844,5391000.0,11380000.0,16925,13800.0,20000.0,Africa
Democratic People's Republic of Korea,2010,13520,0,13520,0.0,0.0,0,0.0,0.0,Western Pacific
Democratic Republic of the Congo,2010,23691683,62375,23691683,16060000.0,35620000.0,62375,48100.0,76600.0,Africa
Djibouti,2010,1010,0,1010,0.0,0.0,0,0.0,0.0,Eastern Mediterranean
Dominican Republic,2010,4247,10,4247,3600.0,5000.0,10,0.0,20.0,Americas
Ecuador,2010,1888,0,1888,0.0,0.0,0,0.0,0.0,Americas
Egypt,2010,0,2,0,0.0,0.0,2,0.0,0.0,Eastern Mediterranean
El Salvador,2010,19,0,19,0.0,0.0,0,0.0,0.0,Americas
Equatorial Guinea,2010,381639,1047,381639,239000.0,558000.0,1047,840.0,1260.0,Africa
Eritrea,2010,83471,161,83471,53000.0,119000.0,161,9.0,330.0,Africa
Eswatini,2010,268,0,268,0.0,0.0,0,0.0,1.0,Africa
Ethiopia,2010,7701107,14514,7701107,478000.0,27080000.0,14514,60.0,64700.0,Africa
Gabon,2010,285725,413,285725,130000.0,549000.0,413,360.0,460.0,Africa
Gambia,2010,465479,619,465479,367000.0,580000.0,619,520.0,720.0,Africa
Georgia,2010,0,0,0,0.0,0.0,0,0.0,0.0,Europe
Ghana,2010,9171294,15241,9171294,6265000.0,13160000.0,15241,13200.0,17300.0,Africa
Guatemala,2010,9545,3,9545,7900.0,12000.0,3,1.0,7.0,Americas
Guinea,2010,4348149,12896,4348149,3111000.0,5940000.0,12896,10200.0,15600.0,Africa
Guinea-Bissau,2010,122027,664,122027,67000.0,203000.0,664,550.0,770.0,Africa
Guyana,2010,32656,57,32656,26000.0,41000.0,57,4.0,100.0,Americas
Haiti,2010,82766,211,82766,48000.0,131000.0,211,5.0,480.0,Americas
Honduras,2010,13106,7,13106,10000.0,16000.0,7,2.0,10.0,Americas
India,2010,20490000,30930,20490000,15080000.0,28300000.0,30930,2770.0,58600.0,South-East Asia
Indonesia,2010,2730079,4364,2730079,2199000.0,3531000.0,4364,380.0,8290.0,South-East Asia
Iran (Islamic Republic of),2010,1847,0,1847,0.0,0.0,0,0.0,0.0,Eastern Mediterranean
Iraq,2010,0,0,0,0.0,0.0,0,0.0,0.0,Eastern Mediterranean
Kazakhstan,2010,0,0,0,0.0,0.0,0,0.0,0.0,Europe
Kenya,2010,2845913,11375,2845913,1647000.0,4630000.0,11375,10000.0,12700.0,Africa
Kyrgyzstan,2010,3,0,3,0.0,0.0,0,0.0,0.0,Europe
Lao People's Democratic Republic,2010,40528,101,40528,30000.0,54000.0,101,3.0,190.0,Western Pacific
Liberia,2010,1295630,2764,1295630,838000.0,2051000.0,2764,2280.0,3250.0,Africa
Madagascar,2010,937413,2399,937413,559000.0,1501000.0,2399,70.0,5360.0,Africa
Malawi,2010,4602005,9506,4602005,3214000.0,6681000.0,9506,7800.0,11200.0,Africa
Malaysia,2010,5194,13,5194,0.0,0.0,13,0.0,0.0,Western Pacific
Mali,2010,5772983,17725,5772983,4132000.0,7960000.0,17725,13900.0,21600.0,Africa
Mauritania,2010,128567,1226,128567,21000.0,287000.0,1226,1040.0,1410.0,Africa
Mexico,2010,1226,0,1226,0.0,0.0,0,0.0,0.0,Americas
Morocco,2010,3,2,3,0.0,0.0,2,0.0,0.0,Eastern Mediterranean
Mozambique,2010,8455521,17542,8455521,6102000.0,11640000.0,17542,14200.0,20900.0,Africa
Myanmar,2010,2019172,3885,2019172,1393000.0,3044000.0,3885,240.0,8270.0,South-East Asia
Namibia,2010,2601,6,2601,800.0,6200.0,6,0.0,20.0,Africa
Nepal,2010,30690,27,30690,15000.0,63000.0,27,4.0,70.0,South-East Asia
Nicaragua,2010,866,0,866,730.0,1000.0,0,0.0,1.0,Americas
Niger,2010,7007707,21750,7007707,3855000.0,10710000.0,21750,16400.0,27200.0,Africa
Nigeria,2010,60749349,146734,60749349,43800000.0,83240000.0,146734,115000.0,179000.0,Africa
Oman,2010,7,0,7,0.0,0.0,0,0.0,0.0,Eastern Mediterranean
Pakistan,2010,1445704,1617,1445704,660000.0,2959000.0,1617,190.0,4250.0,Eastern Mediterranean
Panama,2010,444,1,444,430.0,470.0,1,0.0,0.0,Americas
Papua New Guinea,2010,1240109,2634,1240109,439000.0,2154000.0,2634,100.0,6250.0,Western Pacific
Paraguay,2010,18,0,18,0.0,0.0,0,0.0,0.0,Americas
Peru,2010,37121,0,37121,33000.0,42000.0,0,0.0,0.0,Americas
Philippines,2010,54209,114,54209,39000.0,71000.0,114,5.0,220.0,Western Pacific
Republic of Korea,2010,1267,1,1267,0.0,0.0,1,0.0,0.0,Western Pacific
Rwanda,2010,1260186,3253,1260186,848000.0,1729000.0,3253,2820.0,3690.0,Africa
Sao Tome and Principe,2010,2740,14,2740,0.0,0.0,14,0.0,0.0,Africa
Saudi Arabia,2010,29,0,29,0.0,0.0,0,0.0,0.0,Eastern Mediterranean
Senegal,2010,792643,4284,792643,563000.0,1046000.0,4284,3710.0,4860.0,Africa
Sierra Leone,2010,3031470,23575,3031470,1954000.0,4234000.0,23575,20400.0,26800.0,Africa
Solomon Islands,2010,91425,163,91425,65000.0,132000.0,163,10.0,330.0,Western Pacific
Somalia,2010,356323,912,356323,214000.0,527000.0,912,20.0,1990.0,Eastern Mediterranean
South Africa,2010,8060,83,8060,0.0,0.0,83,0.0,0.0,Africa
South Sudan,2010,1940101,5286,1940101,1283000.0,2836000.0,5286,4470.0,6110.0,Africa
Sri Lanka,2010,684,0,684,0.0,0.0,0,0.0,0.0,South-East Asia
Sudan,2010,961960,2462,961960,606000.0,1453000.0,2462,70.0,5520.0,Eastern Mediterranean
Suriname,2010,1712,1,1712,0.0,0.0,1,0.0,0.0,Americas
Syrian Arab Republic,2010,0,0,0,0.0,0.0,0,0.0,0.0,Eastern Mediterranean
Tajikistan,2010,111,0,111,0.0,0.0,0,0.0,0.0,Europe
Thailand,2010,32480,80,32480,0.0,0.0,80,0.0,0.0,South-East Asia
Timor-Leste,2010,103604,200,103604,74000.0,137000.0,200,10.0,390.0,South-East Asia
Togo,2010,2366948,5064,2366948,1580000.0,3356000.0,5064,4100.0,6030.0,Africa
Turkey,2010,0,0,0,0.0,0.0,0,0.0,0.0,Europe
Turkmenistan,2010,0,0,0,0.0,0.0,0,0.0,0.0,Europe
Uganda,2010,11503116,21558,11503116,7618000.0,17700000.0,21558,17200.0,26000.0,Africa
United Arab Emirates,2010,0,0,0,0.0,0.0,0,0.0,0.0,Eastern Mediterranean
United Republic of Tanzania,2010,6545932,20281,6545932,3955000.0,9995000.0,20281,17600.0,23000.0,Africa
Uzbekistan,2010,3,0,3,0.0,0.0,0,0.0,0.0,Europe
Vanuatu,2010,15695,20,15695,12000.0,20000.0,20,2.0,40.0,Western Pacific
Venezuela (Bolivarian Republic of),2010,57257,52,57257,47000.0,74000.0,52,9.0,90.0,Americas
Viet Nam,2010,23062,45,23062,21000.0,26000.0,45,2.0,80.0,Western Pacific
Yemen,2010,1134927,2874,1134927,611000.0,2686000.0,2874,90.0,8490.0,Eastern Mediterranean
Zambia,2010,2169307,6544,2169307,1449000.0,3095000.0,6544,5580.0,7510.0,Africa
Zimbabwe,2010,1095083,2803,1095083,606000.0,1717000.0,2803,80.0,6190.0,Africa
